{"cameraMode":{"drawMode":0,"name":"Shaded","section":"Shading Mode"},"sceneLighting":true,"audioPlay":false,"sceneViewState":{"m_AlwaysRefresh":false,"showFog":true,"showSkybox":true,"showFlares":true,"showImageEffects":true,"showParticleSystems":true,"showVisualEffectGraphs":true,"m_FxEnabled":true},"in2DMode":false,"pivot":{"x":21.27237892150879,"y":-3.1197164058685304,"z":-52.67413330078125},"rotation":{"x":-0.003144853748381138,"y":0.9968185424804688,"z":-0.06018974632024765,"w":-0.052080702036619189},"size":1.344834327697754,"orthographic":false}